{"Humboldt County": {"RelativeAdult": 0.07102434972223665, "RelativePed": 0.017281405059817397, "PedAsthma": 2330.0, "AdultAsthma": 9576.0, "LungCancer": 5183.0, "Population": 134827.0}, "California County": {"RelativeAdult": 0.06669152552887733, "RelativePed": 0.021306954023547486, "PedAsthma": 810547.0, "AdultAsthma": 2537041.0, "LungCancer": 1331210.0, "Population": 38041430.0}, "Sonoma County": {"RelativeAdult": 0.06999790577619457, "RelativePed": 0.01879718357396575, "PedAsthma": 9245.0, "AdultAsthma": 34427.0, "LungCancer": 19350.0, "Population": 491829.0}, "San Luis Obispo County": {"RelativeAdult": 0.07248074991630399, "RelativePed": 0.01602596759872491, "PedAsthma": 4404.0, "AdultAsthma": 19918.0, "LungCancer": 11108.0, "Population": 274804.0}, "Glenn County": {"RelativeAdult": 0.06433981137467848, "RelativePed": 0.02418548156616176, "PedAsthma": 677.0, "AdultAsthma": 1801.0, "LungCancer": 1004.0, "Population": 27992.0}, "Nevada County": {"RelativeAdult": 0.07404468318886583, "RelativePed": 0.015993163227933097, "PedAsthma": 1572.0, "AdultAsthma": 7278.0, "LungCancer": 4558.0, "Population": 98292.0}, "Yolo County": {"RelativeAdult": 0.06794109289724572, "RelativePed": 0.019317257664684152, "PedAsthma": 3943.0, "AdultAsthma": 13868.0, "LungCancer": 6843.0, "Population": 204118.0}, "Sacramento County": {"RelativeAdult": 0.06616482348714349, "RelativePed": 0.021874726315941912, "PedAsthma": 31721.0, "AdultAsthma": 95947.0, "LungCancer": 50393.0, "Population": 1450121.0}, "Fresno County": {"RelativeAdult": 0.061959394236703436, "RelativePed": 0.025720148328665093, "PedAsthma": 24380.0, "AdultAsthma": 58731.0, "LungCancer": 30020.0, "Population": 947895.0}, "Calaveras County": {"RelativeAdult": 0.07413615841938223, "RelativePed": 0.016293415582673998, "PedAsthma": 729.0, "AdultAsthma": 3317.0, "LungCancer": 2146.0, "Population": 44742.0}, "Marin County": {"RelativeAdult": 0.0715822688416013, "RelativePed": 0.018006865337077117, "PedAsthma": 4611.0, "AdultAsthma": 18330.0, "LungCancer": 10979.0, "Population": 256069.0}, "Lassen County": {"RelativeAdult": 0.07255333056034227, "RelativePed": 0.015122704854715075, "PedAsthma": 509.0, "AdultAsthma": 2442.0, "LungCancer": 1224.0, "Population": 33658.0}, "Contra Costa County": {"RelativeAdult": 0.06745572653499407, "RelativePed": 0.02111250772278915, "PedAsthma": 22793.0, "AdultAsthma": 72825.0, "LungCancer": 39836.0, "Population": 1079597.0}, "Yuba County": {"RelativeAdult": 0.06300907769519787, "RelativePed": 0.024847105284809257, "PedAsthma": 1812.0, "AdultAsthma": 4595.0, "LungCancer": 2369.0, "Population": 72926.0}, "Del Norte County": {"RelativeAdult": 0.07006009190526688, "RelativePed": 0.018522446094026156, "PedAsthma": 524.0, "AdultAsthma": 1982.0, "LungCancer": 1090.0, "Population": 28290.0}, "San Mateo County": {"RelativeAdult": 0.06934835272300831, "RelativePed": 0.01914349982618952, "PedAsthma": 14153.0, "AdultAsthma": 51270.0, "LungCancer": 28049.0, "Population": 739311.0}, "Mono County": {"RelativeAdult": 0.07025369389461945, "RelativePed": 0.0179816002230276, "PedAsthma": 258.0, "AdultAsthma": 1008.0, "LungCancer": 519.0, "Population": 14348.0}, "Merced County": {"RelativeAdult": 0.060650769142791786, "RelativePed": 0.02691904462362517, "PedAsthma": 7061.0, "AdultAsthma": 15909.0, "LungCancer": 8027.0, "Population": 262305.0}, "Santa Cruz County": {"RelativeAdult": 0.07012249977509222, "RelativePed": 0.018052598434641798, "PedAsthma": 4816.0, "AdultAsthma": 18707.0, "LungCancer": 9811.0, "Population": 266776.0}, "Ventura County": {"RelativeAdult": 0.06643811282792313, "RelativePed": 0.021886861065024205, "PedAsthma": 18297.0, "AdultAsthma": 55541.0, "LungCancer": 29842.0, "Population": 835981.0}, "Placer County": {"RelativeAdult": 0.06823950321000216, "RelativePed": 0.020703269723126947, "PedAsthma": 7488.0, "AdultAsthma": 24681.0, "LungCancer": 14298.0, "Population": 361682.0}, "Inyo County": {"RelativeAdult": 0.07120843471208435, "RelativePed": 0.018383346850500134, "PedAsthma": 340.0, "AdultAsthma": 1317.0, "LungCancer": 806.0, "Population": 18495.0}, "Stanislaus County": {"RelativeAdult": 0.06348159762020678, "RelativePed": 0.024466865749454694, "PedAsthma": 12765.0, "AdultAsthma": 33120.0, "LungCancer": 17294.0, "Population": 521726.0}, "Orange County": {"RelativeAdult": 0.06724890716642526, "RelativePed": 0.02085380171461931, "PedAsthma": 64441.0, "AdultAsthma": 207808.0, "LungCancer": 109814.0, "Population": 3090132.0}, "Trinity County": {"RelativeAdult": 0.0749667307407955, "RelativePed": 0.015377790921188822, "PedAsthma": 208.0, "AdultAsthma": 1014.0, "LungCancer": 643.0, "Population": 13526.0}, "Alpine County": {"RelativeAdult": 0.07174490699734277, "RelativePed": 0.01771479185119575, "PedAsthma": 20.0, "AdultAsthma": 81.0, "LungCancer": 49.0, "Population": 1129.0}, "Madera County": {"RelativeAdult": 0.06313970752473426, "RelativePed": 0.02485251415732699, "PedAsthma": 3783.0, "AdultAsthma": 9611.0, "LungCancer": 5104.0, "Population": 152218.0}, "Imperial County": {"RelativeAdult": 0.06263987160069626, "RelativePed": 0.025126025725071773, "PedAsthma": 4446.0, "AdultAsthma": 11084.0, "LungCancer": 5722.0, "Population": 176948.0}, "Kings County": {"RelativeAdult": 0.06298723606670013, "RelativePed": 0.024272614360085622, "PedAsthma": 3674.0, "AdultAsthma": 9534.0, "LungCancer": 4591.0, "Population": 151364.0}, "Mariposa County": {"RelativeAdult": 0.07517453225356045, "RelativePed": 0.015135437028762916, "PedAsthma": 271.0, "AdultAsthma": 1346.0, "LungCancer": 861.0, "Population": 17905.0}, "San Benito County": {"RelativeAdult": 0.0637964981365586, "RelativePed": 0.024365375149426903, "PedAsthma": 1386.0, "AdultAsthma": 3629.0, "LungCancer": 1887.0, "Population": 56884.0}, "Lake County": {"RelativeAdult": 0.07142522232467999, "RelativePed": 0.018223590641264085, "PedAsthma": 1166.0, "AdultAsthma": 4570.0, "LungCancer": 2776.0, "Population": 63983.0}, "El Dorado County": {"RelativeAdult": 0.0705966404705335, "RelativePed": 0.018974197085749413, "PedAsthma": 3426.0, "AdultAsthma": 12747.0, "LungCancer": 7490.0, "Population": 180561.0}, "Solano County": {"RelativeAdult": 0.0677231751343412, "RelativePed": 0.020653251163973506, "PedAsthma": 8690.0, "AdultAsthma": 28495.0, "LungCancer": 15235.0, "Population": 420757.0}, "Los Angeles County": {"RelativeAdult": 0.06703293625911379, "RelativePed": 0.02078132940484838, "PedAsthma": 207040.0, "AdultAsthma": 667835.0, "LungCancer": 343914.0, "Population": 9962789.0}, "San Diego County": {"RelativeAdult": 0.06776510254911533, "RelativePed": 0.020052482434248235, "PedAsthma": 63708.0, "AdultAsthma": 215294.0, "LungCancer": 111464.0, "Population": 3177063.0}, "Alameda County": {"RelativeAdult": 0.06862135947308841, "RelativePed": 0.019366188123906555, "PedAsthma": 30109.0, "AdultAsthma": 106687.0, "LungCancer": 55408.0, "Population": 1554720.0}, "Colusa County": {"RelativeAdult": 0.06244453785437392, "RelativePed": 0.025781140535238896, "PedAsthma": 552.0, "AdultAsthma": 1337.0, "LungCancer": 719.0, "Population": 21411.0}, "Sierra County": {"RelativeAdult": 0.07679844458846403, "RelativePed": 0.014257939079714841, "PedAsthma": 44.0, "AdultAsthma": 237.0, "LungCancer": 154.0, "Population": 3086.0}, "Tehama County": {"RelativeAdult": 0.06750149828091978, "RelativePed": 0.021512159732517428, "PedAsthma": 1364.0, "AdultAsthma": 4280.0, "LungCancer": 2502.0, "Population": 63406.0}, "Modoc County": {"RelativeAdult": 0.07119116543368714, "RelativePed": 0.018548300632572103, "PedAsthma": 173.0, "AdultAsthma": 664.0, "LungCancer": 417.0, "Population": 9327.0}, "Amador County": {"RelativeAdult": 0.07600918050492778, "RelativePed": 0.014094775212636695, "PedAsthma": 522.0, "AdultAsthma": 2815.0, "LungCancer": 1782.0, "Population": 37035.0}, "San Joaquin County": {"RelativeAdult": 0.06281703130604088, "RelativePed": 0.02511485713309764, "PedAsthma": 17646.0, "AdultAsthma": 44136.0, "LungCancer": 22956.0, "Population": 702612.0},